participant_id	age	sex	species	epilepsy_diagnosis	dandi_subject_id	n_emu_runs	n_fmri_runs
sub-CS41	21	F	Homo sapiens	Left Other	CS41	2	2
sub-CS42	25	F	Homo sapiens	Not Localized	CS42	2	2
sub-CS43	42	F	Homo sapiens	Left Mesial Temporal	CS43	2	2
sub-CS44	53	F	Homo sapiens	Right Mesial Temporal	CS44	1	2
sub-CS47	32	M	Homo sapiens	Right Mesial Temporal	CS47	2	2
sub-CS48	32	F	Homo sapiens	Left Mesial Temporal	CS48	2	2
sub-CS49	24	F	Homo sapiens	Left Mesial Temporal	CS49	2	n/a
sub-CS51	17	M	Homo sapiens	Not Localized	CS51	2	2
sub-CS53	60	M	Homo sapiens	Bilateral Independent Temporal	CS53	2	2
sub-CS54	59	F	Homo sapiens	Right Mesial Temporal	CS54	2	2
sub-CS55	43	F	Homo sapiens	Right Mesial Temporal	CS55	2	n/a
sub-CS56	48	M	Homo sapiens	Bilateral Independent Temporal	CS56	2	n/a
sub-CS57	46	M	Homo sapiens	Left Other	CS57	2	n/a
sub-CS58	32	F	Homo sapiens	Right Lateral Frontal	CS58	1	n/a
sub-CS60	67	M	Homo sapiens	Left Mesial Temporal	CS60	1	2
sub-CS62	25	F	Homo sapiens	Right Mesial Temporal	CS62	2	2
