name	type	units	low_cutoff	high_cutoff	sampling_frequency	group	description	source_origchannel	source_electrode_row
LOFC1	SEEG	µV	0.1	500	1000	Neuralynx-Atlas-macros-1	macroelectrode contact of a hybrid Behnke-Fried depth electrode; LFP_macro column 0	macro-1	80
LOFC2	SEEG	µV	0.1	500	1000	Neuralynx-Atlas-macros-2	macroelectrode contact of a hybrid Behnke-Fried depth electrode; LFP_macro column 1	macro-2	81
LOFC3	SEEG	µV	0.1	500	1000	Neuralynx-Atlas-macros-3	macroelectrode contact of a hybrid Behnke-Fried depth electrode; LFP_macro column 2	macro-3	82
LOFC4	SEEG	µV	0.1	500	1000	Neuralynx-Atlas-macros-4	macroelectrode contact of a hybrid Behnke-Fried depth electrode; LFP_macro column 3	macro-4	83
LOFC5	SEEG	µV	0.1	500	1000	Neuralynx-Atlas-macros-5	macroelectrode contact of a hybrid Behnke-Fried depth electrode; LFP_macro column 4	macro-5	84
LOFC6	SEEG	µV	0.1	500	1000	Neuralynx-Atlas-macros-6	macroelectrode contact of a hybrid Behnke-Fried depth electrode; LFP_macro column 5	macro-6	85
LOFC7	SEEG	µV	0.1	500	1000	Neuralynx-Atlas-macros-7	macroelectrode contact of a hybrid Behnke-Fried depth electrode; LFP_macro column 6	macro-7	86
LOFC8	SEEG	µV	0.1	500	1000	Neuralynx-Atlas-macros-8	macroelectrode contact of a hybrid Behnke-Fried depth electrode; LFP_macro column 7	macro-8	87
LACC1	SEEG	µV	0.1	500	1000	Neuralynx-Atlas-macros-9	macroelectrode contact of a hybrid Behnke-Fried depth electrode; LFP_macro column 8	macro-9	88
LACC2	SEEG	µV	0.1	500	1000	Neuralynx-Atlas-macros-10	macroelectrode contact of a hybrid Behnke-Fried depth electrode; LFP_macro column 9	macro-10	89
LACC3	SEEG	µV	0.1	500	1000	Neuralynx-Atlas-macros-11	macroelectrode contact of a hybrid Behnke-Fried depth electrode; LFP_macro column 10	macro-11	90
LACC4	SEEG	µV	0.1	500	1000	Neuralynx-Atlas-macros-12	macroelectrode contact of a hybrid Behnke-Fried depth electrode; LFP_macro column 11	macro-12	91
LACC5	SEEG	µV	0.1	500	1000	Neuralynx-Atlas-macros-13	macroelectrode contact of a hybrid Behnke-Fried depth electrode; LFP_macro column 12	macro-13	92
LACC6	SEEG	µV	0.1	500	1000	Neuralynx-Atlas-macros-14	macroelectrode contact of a hybrid Behnke-Fried depth electrode; LFP_macro column 13	macro-14	93
LACC7	SEEG	µV	0.1	500	1000	Neuralynx-Atlas-macros-15	macroelectrode contact of a hybrid Behnke-Fried depth electrode; LFP_macro column 14	macro-15	94
LACC8	SEEG	µV	0.1	500	1000	Neuralynx-Atlas-macros-16	macroelectrode contact of a hybrid Behnke-Fried depth electrode; LFP_macro column 15	macro-16	95
LSMA1	SEEG	µV	0.1	500	1000	Neuralynx-Atlas-macros-17	macroelectrode contact of a hybrid Behnke-Fried depth electrode; LFP_macro column 16	macro-17	96
LSMA2	SEEG	µV	0.1	500	1000	Neuralynx-Atlas-macros-18	macroelectrode contact of a hybrid Behnke-Fried depth electrode; LFP_macro column 17	macro-18	97
LSMA3	SEEG	µV	0.1	500	1000	Neuralynx-Atlas-macros-19	macroelectrode contact of a hybrid Behnke-Fried depth electrode; LFP_macro column 18	macro-19	98
LSMA4	SEEG	µV	0.1	500	1000	Neuralynx-Atlas-macros-20	macroelectrode contact of a hybrid Behnke-Fried depth electrode; LFP_macro column 19	macro-20	99
LSMA5	SEEG	µV	0.1	500	1000	Neuralynx-Atlas-macros-21	macroelectrode contact of a hybrid Behnke-Fried depth electrode; LFP_macro column 20	macro-21	100
LSMA6	SEEG	µV	0.1	500	1000	Neuralynx-Atlas-macros-22	macroelectrode contact of a hybrid Behnke-Fried depth electrode; LFP_macro column 21	macro-22	101
LSMA7	SEEG	µV	0.1	500	1000	Neuralynx-Atlas-macros-23	macroelectrode contact of a hybrid Behnke-Fried depth electrode; LFP_macro column 22	macro-23	102
LSMA8	SEEG	µV	0.1	500	1000	Neuralynx-Atlas-macros-24	macroelectrode contact of a hybrid Behnke-Fried depth electrode; LFP_macro column 23	macro-24	103
LAMY1	SEEG	µV	0.1	500	1000	Neuralynx-Atlas-macros-25	macroelectrode contact of a hybrid Behnke-Fried depth electrode; LFP_macro column 24	macro-25	104
LAMY2	SEEG	µV	0.1	500	1000	Neuralynx-Atlas-macros-26	macroelectrode contact of a hybrid Behnke-Fried depth electrode; LFP_macro column 25	macro-26	105
LAMY3	SEEG	µV	0.1	500	1000	Neuralynx-Atlas-macros-27	macroelectrode contact of a hybrid Behnke-Fried depth electrode; LFP_macro column 26	macro-27	106
LAMY4	SEEG	µV	0.1	500	1000	Neuralynx-Atlas-macros-28	macroelectrode contact of a hybrid Behnke-Fried depth electrode; LFP_macro column 27	macro-28	107
LAMY5	SEEG	µV	0.1	500	1000	Neuralynx-Atlas-macros-29	macroelectrode contact of a hybrid Behnke-Fried depth electrode; LFP_macro column 28	macro-29	108
LAMY6	SEEG	µV	0.1	500	1000	Neuralynx-Atlas-macros-30	macroelectrode contact of a hybrid Behnke-Fried depth electrode; LFP_macro column 29	macro-30	109
LAMY7	SEEG	µV	0.1	500	1000	Neuralynx-Atlas-macros-31	macroelectrode contact of a hybrid Behnke-Fried depth electrode; LFP_macro column 30	macro-31	110
LAMY8	SEEG	µV	0.1	500	1000	Neuralynx-Atlas-macros-32	macroelectrode contact of a hybrid Behnke-Fried depth electrode; LFP_macro column 31	macro-32	111
LHIP1	SEEG	µV	0.1	500	1000	Neuralynx-Atlas-macros-33	macroelectrode contact of a hybrid Behnke-Fried depth electrode; LFP_macro column 32	macro-33	112
LHIP2	SEEG	µV	0.1	500	1000	Neuralynx-Atlas-macros-34	macroelectrode contact of a hybrid Behnke-Fried depth electrode; LFP_macro column 33	macro-34	113
LHIP3	SEEG	µV	0.1	500	1000	Neuralynx-Atlas-macros-35	macroelectrode contact of a hybrid Behnke-Fried depth electrode; LFP_macro column 34	macro-35	114
LHIP4	SEEG	µV	0.1	500	1000	Neuralynx-Atlas-macros-36	macroelectrode contact of a hybrid Behnke-Fried depth electrode; LFP_macro column 35	macro-36	115
LHIP5	SEEG	µV	0.1	500	1000	Neuralynx-Atlas-macros-37	macroelectrode contact of a hybrid Behnke-Fried depth electrode; LFP_macro column 36	macro-37	116
LHIP6	SEEG	µV	0.1	500	1000	Neuralynx-Atlas-macros-38	macroelectrode contact of a hybrid Behnke-Fried depth electrode; LFP_macro column 37	macro-38	117
LHIP7	SEEG	µV	0.1	500	1000	Neuralynx-Atlas-macros-39	macroelectrode contact of a hybrid Behnke-Fried depth electrode; LFP_macro column 38	macro-39	118
LHIP8	SEEG	µV	0.1	500	1000	Neuralynx-Atlas-macros-40	macroelectrode contact of a hybrid Behnke-Fried depth electrode; LFP_macro column 39	macro-40	119
LSPE1	SEEG	µV	0.1	500	1000	Neuralynx-Atlas-macros-41	macroelectrode contact of a hybrid Behnke-Fried depth electrode; LFP_macro column 40	macro-41	120
LSPE2	SEEG	µV	0.1	500	1000	Neuralynx-Atlas-macros-42	macroelectrode contact of a hybrid Behnke-Fried depth electrode; LFP_macro column 41	macro-42	121
LSPE3	SEEG	µV	0.1	500	1000	Neuralynx-Atlas-macros-43	macroelectrode contact of a hybrid Behnke-Fried depth electrode; LFP_macro column 42	macro-43	122
LSPE4	SEEG	µV	0.1	500	1000	Neuralynx-Atlas-macros-44	macroelectrode contact of a hybrid Behnke-Fried depth electrode; LFP_macro column 43	macro-44	123
LSPE5	SEEG	µV	0.1	500	1000	Neuralynx-Atlas-macros-45	macroelectrode contact of a hybrid Behnke-Fried depth electrode; LFP_macro column 44	macro-45	124
LSPE6	SEEG	µV	0.1	500	1000	Neuralynx-Atlas-macros-46	macroelectrode contact of a hybrid Behnke-Fried depth electrode; LFP_macro column 45	macro-46	125
LSPE7	SEEG	µV	0.1	500	1000	Neuralynx-Atlas-macros-47	macroelectrode contact of a hybrid Behnke-Fried depth electrode; LFP_macro column 46	macro-47	126
LSPE8	SEEG	µV	0.1	500	1000	Neuralynx-Atlas-macros-48	macroelectrode contact of a hybrid Behnke-Fried depth electrode; LFP_macro column 47	macro-48	127
ROFC1	SEEG	µV	0.1	500	1000	Neuralynx-Atlas-macros-49	macroelectrode contact of a hybrid Behnke-Fried depth electrode; LFP_macro column 48	macro-49	128
ROFC2	SEEG	µV	0.1	500	1000	Neuralynx-Atlas-macros-50	macroelectrode contact of a hybrid Behnke-Fried depth electrode; LFP_macro column 49	macro-50	129
ROFC3	SEEG	µV	0.1	500	1000	Neuralynx-Atlas-macros-51	macroelectrode contact of a hybrid Behnke-Fried depth electrode; LFP_macro column 50	macro-51	130
ROFC4	SEEG	µV	0.1	500	1000	Neuralynx-Atlas-macros-52	macroelectrode contact of a hybrid Behnke-Fried depth electrode; LFP_macro column 51	macro-52	131
ROFC5	SEEG	µV	0.1	500	1000	Neuralynx-Atlas-macros-53	macroelectrode contact of a hybrid Behnke-Fried depth electrode; LFP_macro column 52	macro-53	132
ROFC6	SEEG	µV	0.1	500	1000	Neuralynx-Atlas-macros-54	macroelectrode contact of a hybrid Behnke-Fried depth electrode; LFP_macro column 53	macro-54	133
ROFC7	SEEG	µV	0.1	500	1000	Neuralynx-Atlas-macros-55	macroelectrode contact of a hybrid Behnke-Fried depth electrode; LFP_macro column 54	macro-55	134
ROFC8	SEEG	µV	0.1	500	1000	Neuralynx-Atlas-macros-56	macroelectrode contact of a hybrid Behnke-Fried depth electrode; LFP_macro column 55	macro-56	135
RACC1	SEEG	µV	0.1	500	1000	Neuralynx-Atlas-macros-57	macroelectrode contact of a hybrid Behnke-Fried depth electrode; LFP_macro column 56	macro-57	136
RACC2	SEEG	µV	0.1	500	1000	Neuralynx-Atlas-macros-58	macroelectrode contact of a hybrid Behnke-Fried depth electrode; LFP_macro column 57	macro-58	137
RACC3	SEEG	µV	0.1	500	1000	Neuralynx-Atlas-macros-59	macroelectrode contact of a hybrid Behnke-Fried depth electrode; LFP_macro column 58	macro-59	138
RACC4	SEEG	µV	0.1	500	1000	Neuralynx-Atlas-macros-60	macroelectrode contact of a hybrid Behnke-Fried depth electrode; LFP_macro column 59	macro-60	139
RACC5	SEEG	µV	0.1	500	1000	Neuralynx-Atlas-macros-61	macroelectrode contact of a hybrid Behnke-Fried depth electrode; LFP_macro column 60	macro-61	140
RACC6	SEEG	µV	0.1	500	1000	Neuralynx-Atlas-macros-62	macroelectrode contact of a hybrid Behnke-Fried depth electrode; LFP_macro column 61	macro-62	141
RACC7	SEEG	µV	0.1	500	1000	Neuralynx-Atlas-macros-63	macroelectrode contact of a hybrid Behnke-Fried depth electrode; LFP_macro column 62	macro-63	142
RACC8	SEEG	µV	0.1	500	1000	Neuralynx-Atlas-macros-64	macroelectrode contact of a hybrid Behnke-Fried depth electrode; LFP_macro column 63	macro-64	143
RSMA1	SEEG	µV	0.1	500	1000	Neuralynx-Atlas-macros-65	macroelectrode contact of a hybrid Behnke-Fried depth electrode; LFP_macro column 64	macro-65	144
RSMA2	SEEG	µV	0.1	500	1000	Neuralynx-Atlas-macros-66	macroelectrode contact of a hybrid Behnke-Fried depth electrode; LFP_macro column 65	macro-66	145
RSMA3	SEEG	µV	0.1	500	1000	Neuralynx-Atlas-macros-67	macroelectrode contact of a hybrid Behnke-Fried depth electrode; LFP_macro column 66	macro-67	146
RSMA4	SEEG	µV	0.1	500	1000	Neuralynx-Atlas-macros-68	macroelectrode contact of a hybrid Behnke-Fried depth electrode; LFP_macro column 67	macro-68	147
RSMA5	SEEG	µV	0.1	500	1000	Neuralynx-Atlas-macros-69	macroelectrode contact of a hybrid Behnke-Fried depth electrode; LFP_macro column 68	macro-69	148
RSMA6	SEEG	µV	0.1	500	1000	Neuralynx-Atlas-macros-70	macroelectrode contact of a hybrid Behnke-Fried depth electrode; LFP_macro column 69	macro-70	149
RSMA7	SEEG	µV	0.1	500	1000	Neuralynx-Atlas-macros-71	macroelectrode contact of a hybrid Behnke-Fried depth electrode; LFP_macro column 70	macro-71	150
RSMA8	SEEG	µV	0.1	500	1000	Neuralynx-Atlas-macros-72	macroelectrode contact of a hybrid Behnke-Fried depth electrode; LFP_macro column 71	macro-72	151
RAMY1	SEEG	µV	0.1	500	1000	Neuralynx-Atlas-macros-73	macroelectrode contact of a hybrid Behnke-Fried depth electrode; LFP_macro column 72	macro-73	152
RAMY2	SEEG	µV	0.1	500	1000	Neuralynx-Atlas-macros-74	macroelectrode contact of a hybrid Behnke-Fried depth electrode; LFP_macro column 73	macro-74	153
RAMY3	SEEG	µV	0.1	500	1000	Neuralynx-Atlas-macros-75	macroelectrode contact of a hybrid Behnke-Fried depth electrode; LFP_macro column 74	macro-75	154
RAMY4	SEEG	µV	0.1	500	1000	Neuralynx-Atlas-macros-76	macroelectrode contact of a hybrid Behnke-Fried depth electrode; LFP_macro column 75	macro-76	155
RAMY5	SEEG	µV	0.1	500	1000	Neuralynx-Atlas-macros-77	macroelectrode contact of a hybrid Behnke-Fried depth electrode; LFP_macro column 76	macro-77	156
RAMY6	SEEG	µV	0.1	500	1000	Neuralynx-Atlas-macros-78	macroelectrode contact of a hybrid Behnke-Fried depth electrode; LFP_macro column 77	macro-78	157
RAMY7	SEEG	µV	0.1	500	1000	Neuralynx-Atlas-macros-79	macroelectrode contact of a hybrid Behnke-Fried depth electrode; LFP_macro column 78	macro-79	158
RAMY8	SEEG	µV	0.1	500	1000	Neuralynx-Atlas-macros-80	macroelectrode contact of a hybrid Behnke-Fried depth electrode; LFP_macro column 79	macro-80	159
RHIP1	SEEG	µV	0.1	500	1000	Neuralynx-Atlas-macros-81	macroelectrode contact of a hybrid Behnke-Fried depth electrode; LFP_macro column 80	macro-81	160
RHIP2	SEEG	µV	0.1	500	1000	Neuralynx-Atlas-macros-82	macroelectrode contact of a hybrid Behnke-Fried depth electrode; LFP_macro column 81	macro-82	161
RHIP3	SEEG	µV	0.1	500	1000	Neuralynx-Atlas-macros-83	macroelectrode contact of a hybrid Behnke-Fried depth electrode; LFP_macro column 82	macro-83	162
RHIP4	SEEG	µV	0.1	500	1000	Neuralynx-Atlas-macros-84	macroelectrode contact of a hybrid Behnke-Fried depth electrode; LFP_macro column 83	macro-84	163
RHIP5	SEEG	µV	0.1	500	1000	Neuralynx-Atlas-macros-85	macroelectrode contact of a hybrid Behnke-Fried depth electrode; LFP_macro column 84	macro-85	164
RHIP6	SEEG	µV	0.1	500	1000	Neuralynx-Atlas-macros-86	macroelectrode contact of a hybrid Behnke-Fried depth electrode; LFP_macro column 85	macro-86	165
RHIP7	SEEG	µV	0.1	500	1000	Neuralynx-Atlas-macros-87	macroelectrode contact of a hybrid Behnke-Fried depth electrode; LFP_macro column 86	macro-87	166
RHIP8	SEEG	µV	0.1	500	1000	Neuralynx-Atlas-macros-88	macroelectrode contact of a hybrid Behnke-Fried depth electrode; LFP_macro column 87	macro-88	167
RSPE1	SEEG	µV	0.1	500	1000	Neuralynx-Atlas-macros-89	macroelectrode contact of a hybrid Behnke-Fried depth electrode; LFP_macro column 88	macro-89	168
RSPE2	SEEG	µV	0.1	500	1000	Neuralynx-Atlas-macros-90	macroelectrode contact of a hybrid Behnke-Fried depth electrode; LFP_macro column 89	macro-90	169
RSPE3	SEEG	µV	0.1	500	1000	Neuralynx-Atlas-macros-91	macroelectrode contact of a hybrid Behnke-Fried depth electrode; LFP_macro column 90	macro-91	170
RSPE4	SEEG	µV	0.1	500	1000	Neuralynx-Atlas-macros-92	macroelectrode contact of a hybrid Behnke-Fried depth electrode; LFP_macro column 91	macro-92	171
RSPE5	SEEG	µV	0.1	500	1000	Neuralynx-Atlas-macros-93	macroelectrode contact of a hybrid Behnke-Fried depth electrode; LFP_macro column 92	macro-93	172
RSPE6	SEEG	µV	0.1	500	1000	Neuralynx-Atlas-macros-94	macroelectrode contact of a hybrid Behnke-Fried depth electrode; LFP_macro column 93	macro-94	173
RSPE9	SEEG	µV	0.1	500	1000	Neuralynx-Atlas-macros-95	macroelectrode contact of a hybrid Behnke-Fried depth electrode; LFP_macro column 94	macro-95	174
RSPE10	SEEG	µV	0.1	500	1000	Neuralynx-Atlas-macros-96	macroelectrode contact of a hybrid Behnke-Fried depth electrode; LFP_macro column 95	macro-96	175
RSPE11	SEEG	µV	0.1	500	1000	Neuralynx-Atlas-macros-97	macroelectrode contact of a hybrid Behnke-Fried depth electrode; LFP_macro column 96	macro-97	176
RSPE12	SEEG	µV	0.1	500	1000	Neuralynx-Atlas-macros-98	macroelectrode contact of a hybrid Behnke-Fried depth electrode; LFP_macro column 97	macro-98	177
RSPE13	SEEG	µV	0.1	500	1000	Neuralynx-Atlas-macros-99	macroelectrode contact of a hybrid Behnke-Fried depth electrode; LFP_macro column 98	macro-99	178
RSPE14	SEEG	µV	0.1	500	1000	Neuralynx-Atlas-macros-100	macroelectrode contact of a hybrid Behnke-Fried depth electrode; LFP_macro column 99	macro-100	179
RSPE17	SEEG	µV	0.1	500	1000	Neuralynx-Atlas-macros-101	macroelectrode contact of a hybrid Behnke-Fried depth electrode; LFP_macro column 100	macro-101	180
RSPE18	SEEG	µV	0.1	500	1000	Neuralynx-Atlas-macros-102	macroelectrode contact of a hybrid Behnke-Fried depth electrode; LFP_macro column 101	macro-102	181
RSPE19	SEEG	µV	0.1	500	1000	Neuralynx-Atlas-macros-103	macroelectrode contact of a hybrid Behnke-Fried depth electrode; LFP_macro column 102	macro-103	182
RSPE20	SEEG	µV	0.1	500	1000	Neuralynx-Atlas-macros-104	macroelectrode contact of a hybrid Behnke-Fried depth electrode; LFP_macro column 103	macro-104	183
RSPE21	SEEG	µV	0.1	500	1000	Neuralynx-Atlas-macros-105	macroelectrode contact of a hybrid Behnke-Fried depth electrode; LFP_macro column 104	macro-105	184
RSPE22	SEEG	µV	0.1	500	1000	Neuralynx-Atlas-macros-106	macroelectrode contact of a hybrid Behnke-Fried depth electrode; LFP_macro column 105	macro-106	185
